,Sustancia ,Carácter,Forma al bajar el pH (pH<pKa),Disolvente        <,pKa,>       Disolvente,Forma al subir el pH (pH>pKa),Estrategia de Extracción y Notas Especiales,Estructura Química,Estructura Química Protonada,Prueba presuntiva,Color característico,Preparación del reactivo,Procedimiento de aplicación,Notas / Observaciones Técnicas,Espectro IR,Picos IR,P1,P2,P3,P4,P5,P6,S1,S2,S3,S4,S5,S6,Principales iones,I1,I2,I3,I4,I5,I6,I7,I8,D1,D2,D3,D4,D5,D6,D7,D8,Espectro GS-MS,Solubilidad (Clarke's)
,Cocaína,Base,Ión,Inmiscible (Ionizada en agua),8.6,Cloroformo / Éter,Base,Clásico: Basificar mezcla a pH > 9 para extraer con solvente apolar. Acidificar para limpiar o cristalizar.,,,Scott,Azul (azul → rosa → azul con cloroformo),"Reactivo Scott: 1) solución de tiocianato de cobalto(II), 2) ácido clorhídrico, 3) cloroformo.","Agregar una gota de reactivo Scott al residuo, observar el cambio azul, añadir HCl y luego cloroformo para confirmar (fase orgánica azul).",Falsos positivos con lidocaína y procaína; el azul debe persistir al añadir HCl.,,"1710, 1738, 1275, 1110, 712, 1037",1710 cm⁻¹,1738 cm⁻¹,1275 cm⁻¹,1110 cm⁻¹,712 cm⁻¹,1037 cm⁻¹,,,,,,,"82, 182, 83, 105, 303, 77, 94, 96",82,182,83,105,303,77,94,96,,,,,,,,,,"Soluble 1 en 600 de agua, 1 en 6.5 de etanol, 1 en 0.7 de cloroformo y 1 en 3.5 de éter."
,Metanfetamina,Base,Ión,Inmiscible (Ionizada en agua),10.1,Clorobutano / Cloroformo / Éter,Base,"Nota: Requiere un pH bastante alto (>11) para garantizar que todo pase a fase orgánica, debido a su pKa alto.",,,Marquis,Naranja → Marrón,100ml H2​SO4​ + 5ml Formaldehído.,1 gota sobre la muestra.,El color naranja es más intenso que en la anfetamina simple.,,"747, 698, 1060, 1491, 1590, 1085",747 cm⁻¹,698 cm⁻¹,1060 cm⁻¹,1491 cm⁻¹,1590 cm⁻¹,1085 cm⁻¹,,,,,,,"58, 91, 59, 134, 65, 56, 42, 57",58,91,59,134,65,56,42,57,,,,,,,,,,"Ligeramente soluble en agua; miscible con etanol, cloroformo y éter."
,THC,Ácido débil,Base,Cloroformo / Éter de petróleo,10.6,Inmiscible (Ionizada en agua),Ión,Caso Especial: Es muy lipofílico. Se extrae en orgánico a pH neutro o ácido. Solo se hace soluble en agua a pH muy alcalino (>11).,,,Duquenois-Levine,Violeta (capa inferior),"2g Vanilina, 0.3ml Acetaldehído en Etanol.",Reac. A + HCl + Cloroformo (CHCl3​).,La prueba solo es positiva si el color violeta se extrae hacia la capa de cloroformo.,,"1580, 1040, 1620, 1180, 1130, 1050",1580 cm⁻¹,1040 cm⁻¹,1620 cm⁻¹,1180 cm⁻¹,1130 cm⁻¹,1050 cm⁻¹,,,,,,,"299, 231, 314, 43, 41, 295, 55, 271",299,231,314,43,41,295,55,271,,,,,,,,,,Esencialmente insoluble en agua; soluble 1 en 1 en etanol y acetona; fácilmente soluble en cloroformo y éter de petróleo.
,LSD,Base,Ión,Inmiscible (Ionizada en agua),7.5,Clorobutano / Cloroformo,Base,Sensible: Se extrae a pH básico suave (8-9). Cuidado con la luz y el calor.,,,Ehrlich,Púrpura / Violeta,1g p-DMAB en Metanol y HCl.,1 gota sobre el soporte (papel/polvo).,Sensible a la luz y calor. Reacciona con el núcleo indol de la molécula.,,"1626, 1307, 1136, 1066, 1212, 749",1626 cm⁻¹,1307 cm⁻¹,1136 cm⁻¹,1066 cm⁻¹,1212 cm⁻¹,749 cm⁻¹,,,,,,,"323, 221, 181, 222, 207, 72, 223, 324",323,221,181,222,207,72,223,324,,,,,,,,,,Soluble en agua.
,Aspirina,Ácido,Base,Éter / Cloroformo (Extracción ácida),3.5,Inmiscible (Ionizada en agua),Ión,"Inverso: Para extraerla, el medio debe ser muy ácido (pH<2−3). Si subes el pH, se va al agua.",,,McNally,Rojo,A: CuSO4​ / B: NaNO2​ al 2%.,"Disolver en A, luego añadir B.",Requiere que el ácido acetilsalicílico esté libre; muestras viejas reaccionan más rápido.,,"1183, 1688, 1305, 1755, 925, 1219",1183 cm⁻¹,1688 cm⁻¹,1305 cm⁻¹,1755 cm⁻¹,925 cm⁻¹,1219 cm⁻¹,,,,,,,"120, 43, 138, 92, 121, 39, 64, 63",120,43,138,92,121,39,64,63,,,,,,,,,,"Soluble 1 en 300 de agua, 1 en 5 de etanol, 1 en 17 de cloroformo, y 1 en 10 a 15 de éter."
,Efedrina,Base,Ión,Inmiscible (Ionizada en agua),9.6,Cloroformo / Éter,Base,"Nota: Requiere un pH bastante alto (>11) para garantizar que todo pase a fase orgánica, debido a su pKa alto.",,,Liebermann,Rojo-Naranja,1g KNO2​ en 10ml H2​SO4​.,1-2 gotas sobre la muestra seca.,Común en precursores químicos; el color naranja es muy brillante.,,"994, 699, 754, 1049, 1242, 670",994 cm⁻¹,699 cm⁻¹,754 cm⁻¹,1049 cm⁻¹,1242 cm⁻¹,670 cm⁻¹,,,,,,,"58, 146, 56, 105, 77, 42, 106, 40",58,146,56,105,77,42,106,40,,,,,,,,,,Soluble 1 en 20 de agua y 1 en <1 de etanol; soluble en cloroformo con turbidez; soluble en éter.
,Sertralina,Base,Ión,Inmiscible (Ionizada en agua),9.48,Cloroformo / Hexano,Base,Comportamiento típico de amina básica.,,,N/A,N/A,100ml H2​SO4​ + 5ml Formaldehído.,1 gota sobre la muestra triturada.,Ayuda a diferenciarla de otros antidepresivos que no reaccionan.,,"1470, 1135, 825, 800, 790, 760",1470 cm⁻¹,1135 cm⁻¹,825 cm⁻¹,800 cm⁻¹,790 cm⁻¹,760 cm⁻¹,,,,,,,"274, 159, 276, 103, 262, 132, 129, 161",274,159,276,103,262,132,129,161,,,,,,,,,,"Agua 3.8 mg/mL (pH dependiente). Soluble en cloroformo:metanol (1:1), etanol."
,Clonazepam,Anfótera,Base,Inmiscible (Ionizada en agua),"1.5, 10.5",Clorobutano / Cloroformo,Base,"Caso Especial: Al tener pKa tan bajo, a pH neutro (7) ya está en forma ""Base Libre"" y se extrae en orgánico. Para ionizarla (agua) necesitas ácido fuerte (pH < 1).",,,Marquis,Naranja,Variante con H2​SO4​ conc.,Aplicar y observar en fondo blanco.,Las benzodiacepinas suelen dar colores tenues; requiere muestra pura.,,"1685, 1610, 748, 1255, 1578, 1532",1685 cm⁻¹,1610 cm⁻¹,748 cm⁻¹,1255 cm⁻¹,1578 cm⁻¹,1532 cm⁻¹,,,,,,,"280, 314, 315, 286, 234, 288, 316, 240",280,314,315,286,234,288,316,240,,,,,,,,,,"Solubilidad en mg/mL a 25°C: acetona 31, cloroformo 15, metanol 8.6, éter 0.7, agua <0.1."
,Fenacetina,Base débil,Base,Inmiscible (Ionizada en agua),2.2,Cloroformo / Éter,Base,"Caso Especial: Al tener pKa tan bajo, a pH neutro (7) ya está en forma ""Base Libre"" y se extrae en orgánico. Para ionizarla (agua) necesitas ácido fuerte (pH < 1).",,,Marquis,Marrón,100ml H2​SO4​ + 5ml Formaldehído.,1 gota; reacción inmediata.,Utilizada históricamente como adulterante; color muy oscuro.,,"1470, 1135, 825, 800, 790, 760",1470 cm⁻¹,1135 cm⁻¹,825 cm⁻¹,800 cm⁻¹,790 cm⁻¹,760 cm⁻¹,,,,,,,"274, 159, 276, 103, 262, 132, 129, 161",274,159,276,103,262,132,129,161,,,,,,,,,,"Soluble 1 en 1300 de agua, 1 en 15 de etanol, 1 en 14 de cloroformo y 1 en 90 de éter."
,2C-B,Base,Ión,Agua,9.2,Cloroformo/éter/hexano,Base,Alcaloide típico. Basificar para extraer.,,,Prueba de Marquis,Amarillo a verde,100ml H2​SO4​ + 5ml Formaldehído.,1 gota; observar transición de color.,El viraje de amarillo a verde es diagnóstico para esta fenetilamina.,,-,1250,1500,825,740,750,,,,,,,,,230,232,215,217,77,259,261,91,,,,,,,,,,No especificada en el manual.
,Metamizol,Base,Ión,No extraíble (Insoluble en CHCl3/Éter),1.84,No extraíble (Insoluble en CHCl3/Éter),Base,Caso Especial: Es muy polar y suele ser una sal sódica. Difícil de extraer en solventes apolares comunes (hexano) sin modificaciones drásticas.,,,Cloruro Férrico,Violeta,5% FeCl3​ en agua destilada.,1 gota sobre la muestra.,Reacción de fenoles/enoles. El color desaparece si el pH cambia bruscamente.,,"1672, 1064, 1179, 1163, 1208, 1639",1672 cm⁻¹,1064 cm⁻¹,1179 cm⁻¹,1163 cm⁻¹,1208 cm⁻¹,1639 cm⁻¹,,,,,,,"56, 42, 83, 57, 77, 51, 97, 54",56,42,83,57,77,51,97,54,,,,,,,,,,"Soluble 1 en 1.5 de agua y 1 en 30 de etanol; prácticamente insoluble en éter, acetona, benceno y cloroformo."
,Cafeína,Base débil / Anfótera,Base,Inmiscible (Ionizada en agua),"10.4, 14.0",Cloroformo (Extracción básica),Base,"Caso Especial: Es difícil de ""protonar"" para fijarla en agua. Se extrae bien en diclorometano a casi cualquier pH, aunque un pH básico ayuda a limpiar impurezas ácidas (taninos).",,,Murexida,Púrpura,KClO3​ sólido + HCl + Amoníaco.,Evaporar con ácido y exponer a NH3​.,La purina se oxida; el color púrpura aparece al final tras alcalinizar.,,"1658, 1698, 747, 1548, 1242, 760",1658 cm⁻¹,1698 cm⁻¹,747 cm⁻¹,1548 cm⁻¹,1242 cm⁻¹,760 cm⁻¹,,,,,,,"194, 109, 55, 67, 82, 195, 42, 110",194,109,55,67,82,195,42,110,,,,,,,,,,"Soluble 1 en 46 de agua, 1 en 66 de alcohol, 1 en 50 de acetona, 1 en 5.5 de cloroformo; 1 en 530 de éter."
,Ketamina,Base,Ión,Inmiscible (Ionizada en agua),7.5,Cloroformo / Éter,Base,pKa cercano al fisiológico. Fácil de manipular entre fases con cambios leves de pH.,,,Liebermann,Rojo-Naranja,A: Na2​CO3​ / B: Nitroprusiato.,Añadir A y luego B.,"La ketamina suele dar un azul muy tenue o ""fantasma"" comparada con MDMA.",,"1696, 747, 1142, 1120, 712, 1027",1696 cm⁻¹,747 cm⁻¹,1142 cm⁻¹,1120 cm⁻¹,712 cm⁻¹,1027 cm⁻¹,,,,,,,"180, 209, 182, 152, 181, 30, 211, 138",180,209,182,152,181,30,211,138,,,,,,,,,,"Sal hidrocloruro: Soluble 1 en 4 de agua, 1 en 14 de etanol y 1 en 6 de metanol; poco soluble en cloroformo; prácticamente insoluble en éter."
,MDMA,Base,Ión,Inmiscible (Ionizada en agua),9.4,Clorobutano / Cloroformo / Éter,Base,Requiere pH > 10-11 para asegurar extracción completa en fase orgánica.,,,Marquis,Negro / Púrpura,100ml H2​SO4​ + 5ml Formaldehído.,1 gota; reacción inmediata.,"El ""burbujeo"" inicial es normal por la reacción exotérmica.",,"1033, 930, 805, 1489, 1442, 1189.2",1033 cm⁻¹,930 cm⁻¹,805 cm⁻¹,1489 cm⁻¹,1442 cm⁻¹,1189.2 cm⁻¹,,,,,,,"58, 77, 135, 51, 105, 63, 89, 178",58,77,135,51,105,63,89,178,,,,,,,,,,Datos no especificados en la monografía.
,MDA,Base,Ión,Inmiscible (Ionizada en agua),9.67,Cloroformo / Éter,Base,Requiere pH > 10-11 para asegurar extracción completa en fase orgánica.,,,Mandelin,Verde → Azul,Vanadato de Amonio en H2​SO4​.,1 gota; observar cambio lento.,Útil para diferenciar MDA de MDMA (que da negro azulado).,,"1490, 1257, 1038, 1504, 799, 1188",1030 cm⁻¹,930 cm⁻¹,805 cm⁻¹,1490 cm⁻¹,1440 cm⁻¹,1190 cm⁻¹,,,,,,,"44, 136, 51, 135, 77, 42, 78, 45",44,136,51,135,77,42,78,45,,,,,,,,,,Datos no especificados en la monografía.
,Heroína,Base,Ión,Inmiscible (Ionizada en agua),7.6,Cloroformo / Éter,Base,"Cuidado: En medios muy ácidos o muy básicos por tiempo prolongado, se hidroliza a Morfina. Se prefiere pH moderado (8-9) para extracción rápida.",,,Marquis,Violeta,100ml H2​SO4​ + 5ml Formaldehído.,1 gota; observar fondo de placa.,El color violeta es idéntico al de la morfina y codeína.,,"1245, 1764, 1178, 1215, 911, 1736",1245 cm⁻¹,1764 cm⁻¹,1178 cm⁻¹,1215 cm⁻¹,911 cm⁻¹,1736 cm⁻¹,,,,,,,"327, 43, 369, 268, 310, 42, 215, 204",327,43,369,268,310,42,215,204,,,,,,,,,,"Soluble 1 en 1700 de agua, 1 en 31 de etanol, 1 en 1.5 de cloroformo y 1 en 100 de éter."
,Levamisol,Base,Ión,Inmiscible (Ionizada en agua),8.0,Cloroformo,Base,Corte común. Se extrae junto con cocaína/heroína ya que sus pKa son similares.,,,Liebermann,Rojo-Naranja,1g KNO2​ en 10ml H2​SO4​.,1 gota sobre la muestra.,Adulterante común en cocaína; puede enmascarar otros resultados.,,"1587, 1575, 1197, 699, 1150, 1248",1587 cm⁻¹,1575 cm⁻¹,1197 cm⁻¹,699 cm⁻¹,1150 cm⁻¹,1248 cm⁻¹,,,,,,,"204, 148, 73, 101, 203, 127, 104, 205",204,148,73,101,203,127,104,205,,,,,,,,,,Soluble en ácido acético diluido y en cloroformo.
,Fentanilo,Base,Ión,Agua,8.4,Cloroformo/éter/hexano,Base,Comportamiento clásico de base.,,,Marquis,Naranja,100ml H2​SO4​ + 5ml Formaldehído.,1 gota; reacción rápida.,"El naranja es similar a anfetaminas, requiere confirmación por espectroscopía.",,"1660, 701, 1493, 1263, 1273, 1236",1660 cm⁻¹,701 cm⁻¹,1493 cm⁻¹,1263 cm⁻¹,1273 cm⁻¹,1236 cm⁻¹,,,,,,,"245, 146, 42, 189, 44, 105, 29, 43",245,146,42,189,44,105,29,43,,,,,,,,,,"Ligeramente soluble en agua. (Citrato: Soluble 1 en 40 de agua, 1 en 140 de etanol, 1 en 350 de cloroformo)."
,Ibuprofeno,Ácido,Base,Cloroformo / Éter (Extracción ácida),"4.4, 5.2",Inmiscible (Ionizada en agua),Ión,Estrategia Ácida: Acidificar (pH<3) para extraer con solvente orgánico.,,,Marquis,Naranja (100°C),100ml H2​SO4​ + 5ml Formaldehído.,Aplicar y calentar a 100°C.,A temperatura ambiente la reacción es prácticamente incolora.,,"1721, 1232, 779, 1185, 1273, 870",1721 cm⁻¹,1232 cm⁻¹,779 cm⁻¹,1185 cm⁻¹,1273 cm⁻¹,870 cm⁻¹,,,,,,,"163, 161, 119, 91, 206, 117, 107, 164",163,161,119,91,206,117,107,164,,,,,,,,,,"Prácticamente insoluble en agua; soluble 1 en 1.5 de etanol, 1 en 1 de cloroformo y 1 en 2 de éter."
,Naproxeno,Ácido,Base,Cloroformo / Éter (Extracción ácida),4.2,Inmiscible (Ionizada en agua),Ión,Estrategia Ácida: Acidificar (pH<3) para extraer con solvente orgánico.,,,H2​SO4​ conc.,Naranja,Ácido Sulfúrico puro.,1 gota directamente.,La fluorescencia bajo luz UV puede ayudar a confirmar este resultado.,,"1724, 1174, 1155, 1223, 1190, 1681",1724 cm⁻¹,1174 cm⁻¹,1155 cm⁻¹,1223 cm⁻¹,1190 cm⁻¹,1681 cm⁻¹,,,,,,,"185, 230, 141, 186, 184, 115, 170, 153",185,230,141,186,184,115,170,153,,,,,,,,,,"Prácticamente insoluble en agua; soluble 1 en 25 de etanol, 1 en 15 de cloroformo, y 1 en 40 de éter."
,GHB,Ácido,,,4.7,,,,,,Prueba de Nitrato de Cobalto,Rosa a violeta,,,,,,,,,,,,,,,,,,,147,73,75,233,117,148,77,59,,,,,,,,,,Soluble en agua y alcohol.
,Anfetamina,Base,,,9.9,,,,,,Prueba de Marquis,Naranja a marrón,,,,,,700,740,1495,1090,1605,825,,,,,,,,44,91,40,42,65,45,39,43,,,,,,,,,,Soluble 1 en 50 de agua; soluble en etanol y éter.
,Codeína,Base,,,8.2,,,,,,Prueba de Marquis,Violeta,,,,,,1052,1268,1500,1111,793,934,,,,,,,,299,42,162,124,229,59,300,69,,,,,,,,,,"Soluble 1 en 120 de agua, 1 en 2 de etanol, 1 en 0.5 de cloroformo."
,Diazepam,Base,,,3.4,,,,,,Prueba de Formaldehído-ácido sulfúrico,Naranja,,,,,,1681,1313,705,840,1125,740,,,,,,,,256,283,284,285,257,255,258,286,,,,,,,,,,"Ligeramente soluble en agua; soluble 1 en 25 de etanol, 1 en 2 de cloroformo."
,Alprazolam,Base,,,2.4,,,,,,No se especifica en Clarke's [1],No se especifica en Clarke's [1],,,,,,1490,1610,697,1316,1540,827,,,,,,,,308,279,204,273,77,307,310,309,,,,,,,,,,Prácticamente insoluble en agua; poco soluble en etanol; soluble en cloroformo.
,Fenobarbital,Ácido,,,7.4,,,,,,Prueba de Koppanyi-Zwikker,Violeta,,,,,,1712,1684,1670,1770,1310,1300,,,,,,,,204,117,146,161,77,103,115,118,,,,,,,,,,"Soluble 1 en 1000 de agua, 1 en 8 de etanol, 1 en 40 de cloroformo."
