Prueba,Reactivos,Procedimiento,Falsos Positivos,Falsos Negativos
Prueba de Duquenois-Levine (Cannabis),"Reactivo 6A: Disolver 2 g de vanillina en 100 ml de etanol al 95% y añadir seguidamente 2,5 ml de acetaldehído.
Reactivo 6B: Ácido clorhídrico concentrado.
Reactivo 6C: Cloroformo.","1. Colocar una pequeña cantidad de la sustancia sospechosa en un tubo de ensayo.
2. Añadir 2 ml (unas 50 gotas) del reactivo 6A y agitar el tubo durante un minuto.
3. Añadir 2 ml del reactivo 6B, volver a agitar durante unos segundos y dejarlo reposar unos minutos.
4. Si al cabo de 2-3 minutos aparece un color, añadir 2 ml del reactivo 6C y agitar suavemente la mezcla.",Son muy pocos los otros productos naturales que dan una reacción similar.,Concentraciones muy bajas de principio activo o reactivos degradados.
Reactivo KN (Cannabis),"Reactivo 5A: Mezclar con cuidado 2,5 g de sal de azul sólido B con 100 g de sulfato sódico anhidro.
Reactivo 5B: Cloroformo.
Reactivo 5C: Disolver 0,4 g de hidróxido sódico en 100 ml de agua. (= solución 0,1N de hidróxido sódico).","1. Colocar una pequeña cantidad de la sustancia sospechosa en un tubo de ensayo.
2. Añadir una pequeña cantidad del reactivo 5A.
3. Añadir 25 gotas del reactivo 5B y agitar durante un minuto.
4. Añadir 25 gotas del reactivo 5C y agitar el tubo de ensayo durante dos minutos.",Compuestos fenólicos presentes en algunas plantas.,Degradación de la sal de diazonio.
Prueba de Marquis (Alcaloides y Anfetaminas),"Reactivo 1A: Añadir de 8 a 10 gotas (aprox. 0,25 ml) de una solución de formaldehído al 37% a 10 ml de ácido acético glacial.
Reactivo 1B: Ácido sulfúrico concentrado.","1. Colocar una pequeña cantidad de la sustancia sospechosa en una placa de gotas.
2. Añadir una gota del reactivo 1A.
3. Añadir tres gotas del reactivo 1B.",Puede obtenerse un color similar en presencia de otras drogas u otros precursores fiscalizados y no fiscalizados (ej. azúcares carbonizados).,Concentración insuficiente o reactivo inestable.
Prueba de Mecke (Opiáceos),Reactivo 3: Disolver 1 g de ácido selenioso en 100 ml de ácido sulfúrico concentrado.,"1. Colocar una pequeña cantidad de la sustancia sospechosa en una placa de gotas.
2. Añadir una gota del reactivo 3.",Puede obtenerse un color similar en presencia de otras drogas u otros precursores fiscalizados y no fiscalizados.,Mezclas complejas que alteran el viraje natural.
Prueba de Simon (Metanfetamina y MDMA),"Reactivo 12A: Disolver 0,9 g de nitroprusiuro sódico en 90 ml de agua y añadir seguidamente 10 ml de acetaldehído.
Reactivo 12B: Disolver 2 g de carbonato sódico en 100 ml de agua.","1. Colocar una pequeña cantidad de la sustancia sospechosa en una placa de gotas.
2. Añadir una gota del reactivo 12A.
3. Añadir dos gotas del reactivo 12B.",Otros derivados metanfetamínicos producen la misma reacción. Aminas secundarias alifáticas.,Ausencia total de aminas secundarias en la muestra o inhibición por pH extremadamente ácido.
Prueba de Scott (Cocaína),"Reactivo 8A: Disolver 1 g de tiocianato de cobalto(II) en 50 ml de ácido acético al 10% (vol/vol) y añadir seguidamente 50 ml de glicerina.
Reactivo 8B: Ácido clorhídrico concentrado.
Reactivo 8C: Cloroformo.","1. Colocar una pequeña cantidad de la sustancia en un tubo de ensayo.
2. Añadir cinco gotas del reactivo 8A y agitar durante diez segundos.
3. Añadir una gota del reactivo 8B y agitar durante unos segundos.
4. Si la solución se torna rosa, añadir cinco gotas del reactivo 8C y agitar para mezclar el líquido.",Sólo muy pocas drogas no fiscalizadas darán una secuencia de color similar en las 3 fases.,Presencia de diluyentes que alteren drásticamente el pH o formen emulsiones estables con el cloroformo.
Prueba de Dille-Koppanyi (Barbitúricos),"Reactivo 17A: Disolver 0,1 g de tetrahidrato de acetato de cobalto(II) en 100 ml de metanol absoluto y añadir 0,2 ml de ácido acético glacial.
Reactivo 17B: Mezclar 5 ml de isopropilamina con 95 ml de metanol absoluto.","1. Colocar una pequeña cantidad de la sustancia sospechosa en una placa de gotas.
2. Añadir tres gotas del reactivo 17A.
3. Añadir tres gotas del reactivo 17B.",Son muy pocas las demás drogas fiscalizadas o no fiscalizadas que dan una reacción similar.,Concentraciones subóptimas del analito.
Prueba de Ehrlich (LSD / Indoles),Reactivo 20: Disolver 1 g de 4-dimetilaminobenzaldehído en 100 ml de metanol y añadir con cuidado 10 ml de ácido orto-fosfórico concentrado.,"1. Colocar una pequeña cantidad de la sustancia sospechosa en una placa de gotas (impregnada en papel, tomar dosis con el papel).
2. Añadir dos gotas del reactivo 20.",Puede obtenerse un color similar en presencia de otras drogas u otros precursores fiscalizados y no fiscalizados.,Degradación de LSD en la muestra o papel absorbente muy teñido que impida ver el color violeta.
Prueba de Liebermann (Aminas y Alcaloides),Reactivo 21: Disolver 1 g de nitrito sódico en 10 ml de ácido sulfúrico concentrado.,"1. Colocar una pequeña cantidad de las sustancias sospechosas en una placa de gotas.
2. Añadir una gota del reactivo 21.",Puede obtenerse un color similar en presencia de otras drogas u otros precursores fiscalizados y no fiscalizados.,Concentración insuficiente o reactivo degradado por exposición a la humedad.
Prueba de Mandelin (Anfetaminas y Antidepresivos),Reactivo de Mandelin: Disolver 1.0 g de vanadato de amonio (ammonium vanadate) en 1.5 mL de agua y diluir a 100 mL con ácido sulfúrico concentrado.,"1. Colocar el tamaño de una gota de muestra en una placa blanca.
2. Añadir una gota del reactivo a la muestra.","Sulfato de codeína (5 μg), anfetamina (10 μg), diamorfina (20 μg), metamfetamina (150 μg), morfina (5 μg). Reacciona con muchos alcaloides.",Falsos negativos si la concentración es menor al límite de detección (LOD).
Prueba de Cloruro Férrico (Fenoles y Salicilatos),"Reactivo: Disolver 5 g de cloruro férrico anhidro, o 8.25 g de cloruro férrico hexahidratado, en 100 mL de agua destilada.",1. Añadir la solución de cloruro férrico a la muestra o a una solución etanólica de la misma.,"Altas cantidades de fenotiazinas pueden dar un falso positivo. Muchos fenoles no dan color si se usa agua, pero sí con solventes anhidros.",Aspirina no da positivo a menos que sea hidrolizada previamente con hidróxido de sodio para formar salicilato.
Prueba de McNally (Salicilatos),"Solución 1: Solución al 0.5% de sulfato de cobre en ácido acético al 10%.
Solución 2: Solución al 2% (w/v) de nitrito de sodio recién preparada.","1. Disolver la muestra (1 mg) en unas gotas de acetona y añadir 1-2 mL de agua.
2. Añadir 3 gotas de la Solución 1 y un volumen igual de la Solución 2.
3. Agitar y calentar en baño de agua a 100°C por 3 minutos.","Ácidos producidos durante la putrefacción de tejidos (ácido p-hidroxifenilacético, p-hidroxifenilpropiónico).",La prueba requiere calentamiento estricto a 100°C para revelar el color rojo.
Prueba de Ácido Amálico / Murexida (Xantinas),"1) Ácido clorhídrico 10 mol/L.
2) Cristales de clorato de potasio.
3) Hidróxido de amonio 2 mol/L.","1. Añadir a la muestra unas gotas de ácido clorhídrico 10 mol/L seguido de unos cristales de clorato de potasio.
2. Evaporar la mezcla a sequedad y observar el color del residuo.
3. Añadir 2 o 3 gotas de hidróxido de amonio 2 mol/L y observar el cambio de color.",Otros compuestos pueden dar residuos de color anaranjado o rojo (ej. etamifilina da amarillo que vira a rosa).,La evaporación excesiva o carbonización puede destruir los derivados de xantinas formados.
Prueba de Zimmerman (Benzodiazepinas),Solución 1: 1% dinitrobenceno en metanol\nSolución 2: 15% KOH en agua,Disolver muestra en metanol\nAgregar 2 gotas Solución 1\nAgregar 2 gotas Solución 2,Cetonas,Benzodiazepinas muy diluidas
